Year,Δln(Q),Δln(GDP),Δln(P)
2012,0.05781957088882628,0.03774032798284743,-0.010256500167189486
2013,0.04396312342111619,0.036367644170874236,-0.02083408690284161
2014,0.05236798551731603,0.03509131981127034,-0.010582109330536937
2015,0.030153038170687374,0.03390155167568132,-0.010695289116747997
2016,0.03883983331626384,0.04879016416943216,-0.010810916104215806
2017,0.0281708769666964,0.031252543504104224,-0.021978906718775004
2018,0.018349138668196652,0.030305349495328926,-0.01117330059812538
2019,0.01801850550267803,0.029413885206293067,-0.011299555253933224
