{
  "alpha": 1.1533985690174688,
  "beta": -0.3887482240603557,
  "const": 17.563966215204225,
  "rsquared": 0.907826963489975,
  "rsquared_adj": 0.8723757956015039,
  "f_pvalue": 2.6635653733291014e-06,
  "model_type": "annual_level_model_excl_tax",
  "dummy_variables": {
    "D2008": 0.1797643647879994,
    "D2020": -0.24383717142387873,
    "D2009": 0.16531099303745478
  },
  "dummy_pvalues": {
    "D2008": 0.23833439893008895,
    "D2020": 0.1267611716976071,
    "D2009": 0.32961559743285174
  },
  "vif_values": {
    "const": 565.573355373114,
    "ln_GDP": 1.0803024988593202,
    "ln_P": 1.5140058478699574,
    "D2008": 1.0439542122075793,
    "D2020": 1.102358136460227,
    "D2009": 1.3146639504489401
  }
}