Variable,Coefficient,P_value,Interpretation
α (所得弾力性),1.1533985690174688,1.159543096580405e-07,GDPが1%増加→消費量1.1534%変化
β (価格弾力性),-0.3887482240603557,0.37420905332246923,価格が1%上昇→消費量-0.3887%変化
C (定数項),17.563966215204225,5.684493135112226e-12,定数項
D2008の係数,0.1797643647879994,0.23833439893008895,D2008が1の時、消費量0.1798変化
D2020の係数,-0.24383717142387873,0.1267611716976071,D2020が1の時、消費量-0.2438変化
D2009の係数,0.16531099303745478,0.32961559743285174,D2009が1の時、消費量0.1653変化
