{
  "alpha": 0.9527168232789798,
  "beta": 3.7622796392255395,
  "gamma": 2.263803085466435,
  "const": 7.635704457645602,
  "rsquared": 0.9559430774287114,
  "rsquared_adj": 0.9339146161430671,
  "f_pvalue": 1.8959241099868337e-07,
  "model_type": "annual_level_model",
  "dummy_variables": {
    "D2008": 0.45580268851078287,
    "D2020": -0.22340506616639733,
    "D2009": 0.1366553449298733
  },
  "dummy_pvalues": {
    "D2008": 0.004223589363867149,
    "D2020": 0.06021521525615564,
    "D2009": 0.2682536467291274
  }
}