{
  "alpha": 0.8349905492951067,
  "beta": -0.06043997588920952,
  "gamma": -0.1410386296477668,
  "const": -0.005814156340742014,
  "rsquared": 0.14914492373342225,
  "rsquared_adj": 0.11160719978048494,
  "f_pvalue": 0.011394801812221165
}