{
  "alpha": 0.9622107561935733,
  "beta": 3.211601244305996,
  "gamma": 3.2766599057494545,
  "const": 5.139247823737378,
  "rsquared": 0.9389035009320693,
  "rsquared_adj": 0.9083552513981039,
  "f_pvalue": 1.307864212303213e-06,
  "model_type": "annual_level_model",
  "dummy_variables": {
    "D2008": 0.5586025124613201,
    "D2020": -0.2645486832556654,
    "D2009": 0.19685529248780642
  },
  "dummy_pvalues": {
    "D2008": 0.014912757194797366,
    "D2020": 0.059172563817785795,
    "D2009": 0.18183669653595005
  }
}