{
  "alpha": -2.298059486384659,
  "beta": 0.6463373429809849,
  "gamma": 0.5302780106989928,
  "const": 36.619169553528536,
  "rsquared": 0.8118873517815265,
  "rsquared_adj": 0.7092804527532682,
  "f_pvalue": 0.001762117333972598,
  "model_type": "annual_level_model_excl_2025",
  "excluded_year": "2025",
  "dummy_variables": {
    "D2008": 0.12604520189496782,
    "D2020": -0.28669733764142213,
    "D2009": -0.14393904907687638
  },
  "dummy_pvalues": {
    "D2008": 0.29196726948476887,
    "D2020": 0.0019247919117672714,
    "D2009": 0.1798462825212391
  },
  "vif": {
    "ln_GDP": 8878.212458763244,
    "ln_P": 229.3573075988028,
    "ln_Tax_rate": 6447.849768651166,
    "D2008": 1.3134301710097107,
    "D2020": 1.1610136942565439,
    "D2009": 1.4739913535474778
  }
}