Variable,Coefficient,P_value,Interpretation
α (所得弾力性),0.9527168232789798,4.4786966050355403e-07,GDPが1%増加→消費量0.9527%変化
β (価格弾力性),3.7622796392255395,0.008046082674084215,価格が1%上昇→消費量3.7623%変化
γ (税率弾力性),2.263803085466435,0.003513479305610749,税率が1%上昇→消費量2.2638%変化
C (定数項),7.635704457645602,0.01823184389159386,定数項
D2008の係数,0.45580268851078287,0.004223589363867149,D2008が1の時、消費量0.4558変化
D2020の係数,-0.22340506616639733,0.06021521525615564,D2020が1の時、消費量-0.2234変化
D2009の係数,0.1366553449298733,0.2682536467291274,D2009が1の時、消費量0.1367変化
