Variable,Coefficient,P_value,Interpretation
α (所得弾力性),0.9622107561935733,4.293870007995381e-06,GDPが1%増加→消費量0.9622%変化
β (価格弾力性),3.211601244305996,0.05357268654391221,価格が1%上昇→消費量3.2116%変化
γ (税率弾力性),3.2766599057494545,0.029462219025388748,税率が1%上昇→消費量3.2767%変化
C (定数項),5.139247823737378,0.330721358055308,定数項
D2008の係数,0.5586025124613201,0.014912757194797366,D2008が1の時、消費量0.5586変化
D2020の係数,-0.2645486832556654,0.059172563817785795,D2020が1の時、消費量-0.2645変化
D2009の係数,0.19685529248780642,0.18183669653595005,D2009が1の時、消費量0.1969変化
